<?xml version="1.0" encoding="UTF-8"?>
<!DOCTYPE generatorConfiguration
		PUBLIC "-//mybatis.org//DTD MyBatis Generator Configuration 1.0//EN"
		"http://mybatis.org/dtd/mybatis-generator-config_1_0.dtd" >
<generatorConfiguration>
	<!-- 数据库驱动:选择你的本地硬盘上面的数据库驱动包，路径不要出现中文-->
	<context id="DB2Tables"  targetRuntime="MyBatis3">
		<commentGenerator>
			<property name="suppressDate" value="true"/>
			<!-- 是否去除自动生成的注释 true：是 ： false:否 -->
			<property name="suppressAllComments" value="true"/>
		</commentGenerator>
		<!--数据库链接URL，用户名、密码 -->
		<jdbcConnection driverClass="com.mysql.jdbc.Driver" connectionURL="jdbc:mysql://10.1.18.178:3306/asset-platform-idm?useUnicode=true" userId="root" password="root">
		</jdbcConnection>
		<javaTypeResolver>
			<property name="forceBigDecimals" value="false"/>
		</javaTypeResolver>
		<!-- 生成模型的包名和位置-->
		<javaModelGenerator targetPackage="com.asset.bean" targetProject="src">
			<property name="enableSubPackages" value="true"/>
			<property name="trimStrings" value="true"/>
		</javaModelGenerator>
		<!-- 生成映射文件的包名和位置-->
		<sqlMapGenerator targetPackage="com.asset.mapper" targetProject="src">
			<property name="enableSubPackages" value="true"/>
		</sqlMapGenerator>
		<!-- 生成DAO的包名和位置-->
		<javaClientGenerator type="XMLMAPPER" targetPackage="com.asset.mapper" targetProject="src">
			<property name="enableSubPackages" value="true"/>
		</javaClientGenerator>
		<!-- 要生成的表 tableName是数据库中的表名或视图名 domainObjectName是实体类名-->
		<!--<table tableName="t_user" domainObjectName="User" enableCountByExample="false" enableUpdateByExample="false" enableDeleteByExample="false" enableSelectByExample="false" selectByExampleQueryId="false"></table>-->
		<!--<table tableName="as_organ_tree" domainObjectName="OrganTree" enableCountByExample="false" enableUpdateByExample="false" enableDeleteByExample="false" enableSelectByExample="false" selectByExampleQueryId="false"></table>
		<table tableName="as_organ_scene" domainObjectName="OrganScene" enableCountByExample="false" enableUpdateByExample="false" enableDeleteByExample="false" enableSelectByExample="false" selectByExampleQueryId="false"></table>
		<table tableName="as_scene" domainObjectName="Scene" enableCountByExample="false" enableUpdateByExample="false" enableDeleteByExample="false" enableSelectByExample="false" selectByExampleQueryId="false"></table>
		<table tableName="as_user_scene" domainObjectName="UserScene" enableCountByExample="false" enableUpdateByExample="false" enableDeleteByExample="false" enableSelectByExample="false" selectByExampleQueryId="false"></table>
--><!--		<table tableName="as_role" domainObjectName="SceneRole" enableCountByExample="false" enableUpdateByExample="false" enableDeleteByExample="false" enableSelectByExample="false" selectByExampleQueryId="false"></table>-->
<!--		<table tableName="as_resource" domainObjectName="Resource" enableCountByExample="false" enableUpdateByExample="false" enableDeleteByExample="false" enableSelectByExample="false" selectByExampleQueryId="false"></table>-->
<!--		<table tableName="as_role_group" domainObjectName="RoleGroup" enableCountByExample="false" enableUpdateByExample="false" enableDeleteByExample="false" enableSelectByExample="false" selectByExampleQueryId="false"></table>-->
<!--		<table tableName="as_role_group" domainObjectName="RoleGroup" enableCountByExample="false" enableUpdateByExample="false" enableDeleteByExample="false" enableSelectByExample="false" selectByExampleQueryId="false"></table>-->
<!--		<table tableName="as_menu" domainObjectName="Menu" enableCountByExample="false" enableUpdateByExample="false" enableDeleteByExample="false" enableSelectByExample="false" selectByExampleQueryId="false"></table>-->
<!--		<table tableName="as_application" domainObjectName="Application" enableCountByExample="false" enableUpdateByExample="false" enableDeleteByExample="false" enableSelectByExample="false" selectByExampleQueryId="false"></table>-->
<!--		<table tableName="as_app_template" domainObjectName="AppTemplate" enableCountByExample="false" enableUpdateByExample="false" enableDeleteByExample="false" enableSelectByExample="false" selectByExampleQueryId="false"></table>-->
		<table tableName="as_plat_menu" domainObjectName="PlatMenu" enableCountByExample="false" enableUpdateByExample="false" enableDeleteByExample="false" enableSelectByExample="false" selectByExampleQueryId="false"></table>
		<table tableName="as_plat_role" domainObjectName="PlatRole" enableCountByExample="false" enableUpdateByExample="false" enableDeleteByExample="false" enableSelectByExample="false" selectByExampleQueryId="false"></table>
	</context>
</generatorConfiguration>
