<?xml version="1.0" encoding="UTF-8"?>
<!DOCTYPE mapper PUBLIC "-//mybatis.org//DTD Mapper 3.0//EN" "http://mybatis.org/dtd/mybatis-3-mapper.dtd">
<mapper namespace="com.asset.mapper.ApplicationMapper">
  <resultMap id="BaseResultMap" type="com.asset.bean.Application">
    <id column="id" jdbcType="VARCHAR" property="id" />
    <result column="application_name" jdbcType="VARCHAR" property="applicationName" />
    <result column="icon_cls" jdbcType="VARCHAR" property="iconCls" />
    <result column="status" jdbcType="INTEGER" property="status" />
    <result column="is_published" jdbcType="INTEGER" property="isPublished" />
    <result column="created_time" jdbcType="TIMESTAMP" property="createdTime" />
    <result column="disable_time" jdbcType="TIMESTAMP" property="disableTime" />
    <result column="remove_time" jdbcType="TIMESTAMP" property="removeTime" />
  </resultMap>
  <sql id="Base_Column_List">
    id, application_name, icon_cls, status, is_published, created_time, disable_time,
    remove_time
  </sql>
  <select id="getAppList" resultMap="BaseResultMap">
    select
    <include refid="Base_Column_List" />
    from as_application
    where status = 1
  </select>
  <select id="findAppByName" parameterType="java.lang.String" resultMap="BaseResultMap">
    select
    <include refid="Base_Column_List" />
    from as_application
    where application_name = #{applicationName,jdbcType=VARCHAR}
  </select>
  <select id="selectByPrimaryKey" parameterType="java.lang.String" resultMap="BaseResultMap">
    select
    <include refid="Base_Column_List" />
    from as_application
    where id = #{id,jdbcType=VARCHAR}
  </select>
  <delete id="deleteByPrimaryKey" parameterType="java.lang.String">
    delete from as_application
    where id = #{id,jdbcType=VARCHAR}
  </delete>
  <insert id="insert" parameterType="com.asset.bean.Application">
    insert into as_application (id, application_name, icon_cls,
      status, is_published, created_time,
      disable_time, remove_time)
    values (#{id,jdbcType=VARCHAR}, #{applicationName,jdbcType=VARCHAR}, #{iconCls,jdbcType=VARCHAR},
      #{status,jdbcType=INTEGER}, #{isPublished,jdbcType=INTEGER}, #{createdTime,jdbcType=TIMESTAMP},
      #{disableTime,jdbcType=TIMESTAMP}, #{removeTime,jdbcType=TIMESTAMP})
  </insert>
  <insert id="insertSelective" parameterType="com.asset.bean.Application">
    insert into as_application
    <trim prefix="(" suffix=")" suffixOverrides=",">
      <if test="id != null">
        id,
      </if>
      <if test="applicationName != null">
        application_name,
      </if>
      <if test="iconCls != null">
        icon_cls,
      </if>
      <if test="status != null">
        status,
      </if>
      <if test="isPublished != null">
        is_published,
      </if>
      <if test="createdTime != null">
        created_time,
      </if>
      <if test="disableTime != null">
        disable_time,
      </if>
      <if test="removeTime != null">
        remove_time,
      </if>
    </trim>
    <trim prefix="values (" suffix=")" suffixOverrides=",">
      <if test="id != null">
        #{id,jdbcType=VARCHAR},
      </if>
      <if test="applicationName != null">
        #{applicationName,jdbcType=VARCHAR},
      </if>
      <if test="iconCls != null">
        #{iconCls,jdbcType=VARCHAR},
      </if>
      <if test="status != null">
        #{status,jdbcType=INTEGER},
      </if>
      <if test="isPublished != null">
        #{isPublished,jdbcType=INTEGER},
      </if>
      <if test="createdTime != null">
        #{createdTime,jdbcType=TIMESTAMP},
      </if>
      <if test="disableTime != null">
        #{disableTime,jdbcType=TIMESTAMP},
      </if>
      <if test="removeTime != null">
        #{removeTime,jdbcType=TIMESTAMP},
      </if>
    </trim>
  </insert>
  <update id="updateByPrimaryKeySelective" parameterType="com.asset.bean.Application">
    update as_application
    <set>
      <if test="applicationName != null">
        application_name = #{applicationName,jdbcType=VARCHAR},
      </if>
      <if test="iconCls != null">
        icon_cls = #{iconCls,jdbcType=VARCHAR},
      </if>
      <if test="status != null">
        status = #{status,jdbcType=INTEGER},
      </if>
      <if test="isPublished != null">
        is_published = #{isPublished,jdbcType=INTEGER},
      </if>
      <if test="createdTime != null">
        created_time = #{createdTime,jdbcType=TIMESTAMP},
      </if>
      <if test="disableTime != null">
        disable_time = #{disableTime,jdbcType=TIMESTAMP},
      </if>
      <if test="removeTime != null">
        remove_time = #{removeTime,jdbcType=TIMESTAMP},
      </if>
    </set>
    where id = #{id,jdbcType=VARCHAR}
  </update>
  <update id="updateByPrimaryKey" parameterType="com.asset.bean.Application">
    update as_application
    set application_name = #{applicationName,jdbcType=VARCHAR},
      icon_cls = #{iconCls,jdbcType=VARCHAR},
      status = #{status,jdbcType=INTEGER},
      is_published = #{isPublished,jdbcType=INTEGER},
      created_time = #{createdTime,jdbcType=TIMESTAMP},
      disable_time = #{disableTime,jdbcType=TIMESTAMP},
      remove_time = #{removeTime,jdbcType=TIMESTAMP}
    where id = #{id,jdbcType=VARCHAR}
  </update>
</mapper>
